DateKey,FullDate,Is_Late_Night,Is_Exam_Season,Is_Weekend
20260101,1/1/2026,0,1,0
20260102,1/2/2026,0,1,1
20260103,1/3/2026,0,1,1
20260104,1/4/2026,1,1,0
20260105,1/5/2026,0,1,0
20260106,1/6/2026,0,1,0
20260107,1/7/2026,1,1,0
20260108,1/8/2026,0,1,0
20260109,1/9/2026,0,1,1
20260110,1/10/2026,1,1,1
20260111,1/11/2026,0,1,0
20260112,1/12/2026,0,1,0
20260113,1/13/2026,1,1,0
20260114,1/14/2026,1,1,0
20260115,1/15/2026,0,1,0
20260116,1/16/2026,1,1,1
20260117,1/17/2026,0,1,1
20260118,1/18/2026,0,1,0
20260119,1/19/2026,1,1,0
20260120,1/20/2026,1,1,0
20260121,1/21/2026,1,1,0
20260122,1/22/2026,1,1,0
20260123,1/23/2026,1,1,1
20260124,1/24/2026,1,1,1
20260125,1/25/2026,0,1,0
20260126,1/26/2026,0,1,0
20260127,1/27/2026,0,1,0
20260128,1/28/2026,0,1,0
20260129,1/29/2026,0,1,0
20260130,1/30/2026,0,1,1
20260131,1/31/2026,0,1,1
20260201,2/1/2026,0,0,0
20260202,2/2/2026,1,0,0
20260203,2/3/2026,0,0,0
20260204,2/4/2026,0,0,0
20260205,2/5/2026,0,0,0
20260206,2/6/2026,1,0,1
20260207,2/7/2026,0,0,1
20260208,2/8/2026,0,0,0
20260209,2/9/2026,1,0,0
20260210,2/10/2026,0,0,0
20260211,2/11/2026,1,0,0
20260212,2/12/2026,0,0,0
20260213,2/13/2026,0,0,1
20260214,2/14/2026,0,0,1
20260215,2/15/2026,0,0,0
20260216,2/16/2026,0,0,0
20260217,2/17/2026,0,0,0
20260218,2/18/2026,0,0,0
20260219,2/19/2026,0,0,0
20260220,2/20/2026,0,0,1
20260221,2/21/2026,0,0,1
20260222,2/22/2026,0,0,0
20260223,2/23/2026,0,0,0
20260224,2/24/2026,0,0,0
20260225,2/25/2026,0,0,0
20260226,2/26/2026,0,0,0
20260227,2/27/2026,0,0,1
20260228,2/28/2026,0,0,1
20260301,3/1/2026,0,0,0
20260302,3/2/2026,1,0,0
20260303,3/3/2026,1,0,0
20260304,3/4/2026,1,0,0
20260305,3/5/2026,0,0,0
20260306,3/6/2026,0,0,1
20260307,3/7/2026,0,0,1
20260308,3/8/2026,1,0,0
20260309,3/9/2026,0,0,0
20260310,3/10/2026,0,0,0
20260311,3/11/2026,0,0,0
20260312,3/12/2026,1,0,0
20260313,3/13/2026,0,0,1
20260314,3/14/2026,1,0,1
20260315,3/15/2026,0,0,0
20260316,3/16/2026,0,0,0
20260317,3/17/2026,0,0,0
20260318,3/18/2026,1,0,0
20260319,3/19/2026,0,0,0
20260320,3/20/2026,0,0,1
20260321,3/21/2026,0,0,1
20260322,3/22/2026,0,0,0
20260323,3/23/2026,0,0,0
20260324,3/24/2026,1,0,0
20260325,3/25/2026,1,0,0
20260326,3/26/2026,0,0,0
20260327,3/27/2026,1,0,1
20260328,3/28/2026,0,0,1
20260329,3/29/2026,0,0,0
20260330,3/30/2026,0,0,0
20260331,3/31/2026,0,0,0
20260401,4/1/2026,1,0,0
20260402,4/2/2026,0,0,0
20260403,4/3/2026,0,0,1
20260404,4/4/2026,0,0,1
20260405,4/5/2026,0,0,0
20260406,4/6/2026,1,0,0
20260407,4/7/2026,0,0,0
20260408,4/8/2026,1,0,0
20260409,4/9/2026,0,0,0
20260410,4/10/2026,0,0,1
20260411,4/11/2026,1,0,1
20260412,4/12/2026,0,0,0
20260413,4/13/2026,1,0,0
20260414,4/14/2026,0,0,0
20260415,4/15/2026,0,0,0
20260416,4/16/2026,0,0,0
20260417,4/17/2026,0,0,1
20260418,4/18/2026,0,0,1
20260419,4/19/2026,0,0,0
20260420,4/20/2026,0,0,0
20260421,4/21/2026,0,0,0
20260422,4/22/2026,0,0,0
20260423,4/23/2026,0,0,0
20260424,4/24/2026,1,0,1
20260425,4/25/2026,1,0,1
20260426,4/26/2026,0,0,0
20260427,4/27/2026,0,0,0
20260428,4/28/2026,1,0,0
20260429,4/29/2026,0,0,0
20260430,4/30/2026,0,0,0
20260501,5/1/2026,0,1,1
20260502,5/2/2026,0,1,1
20260503,5/3/2026,1,1,0
20260504,5/4/2026,0,1,0
20260505,5/5/2026,0,1,0
20260506,5/6/2026,0,1,0
20260507,5/7/2026,0,1,0
20260508,5/8/2026,1,1,1
20260509,5/9/2026,1,1,1
20260510,5/10/2026,1,1,0
20260511,5/11/2026,0,1,0
20260512,5/12/2026,0,1,0
20260513,5/13/2026,0,1,0
20260514,5/14/2026,0,1,0
20260515,5/15/2026,0,1,1
20260516,5/16/2026,0,1,1
20260517,5/17/2026,0,1,0
20260518,5/18/2026,0,1,0
20260519,5/19/2026,0,1,0
20260520,5/20/2026,1,1,0
20260521,5/21/2026,1,1,0
20260522,5/22/2026,1,1,1
20260523,5/23/2026,0,1,1
20260524,5/24/2026,0,1,0
20260525,5/25/2026,0,1,0
20260526,5/26/2026,0,1,0
20260527,5/27/2026,1,1,0
20260528,5/28/2026,1,1,0
20260529,5/29/2026,0,1,1
20260530,5/30/2026,1,1,1
20260531,5/31/2026,1,1,0
20260601,6/1/2026,0,1,0
20260602,6/2/2026,1,1,0
20260603,6/3/2026,0,1,0
20260604,6/4/2026,0,1,0
20260605,6/5/2026,0,1,1
20260606,6/6/2026,0,1,1
20260607,6/7/2026,1,1,0
20260608,6/8/2026,0,1,0
20260609,6/9/2026,1,1,0
20260610,6/10/2026,1,1,0
20260611,6/11/2026,1,1,0
20260612,6/12/2026,0,1,1
20260613,6/13/2026,0,1,1
20260614,6/14/2026,0,1,0
20260615,6/15/2026,0,1,0
20260616,6/16/2026,0,1,0
20260617,6/17/2026,1,1,0
20260618,6/18/2026,0,1,0
20260619,6/19/2026,0,1,1
20260620,6/20/2026,0,1,1
20260621,6/21/2026,1,1,0
20260622,6/22/2026,1,1,0
20260623,6/23/2026,0,1,0
20260624,6/24/2026,0,1,0
20260625,6/25/2026,0,1,0
20260626,6/26/2026,1,1,1
20260627,6/27/2026,0,1,1
20260628,6/28/2026,0,1,0
20260629,6/29/2026,0,1,0
20260630,6/30/2026,0,1,0
20260701,7/1/2026,0,0,0
20260702,7/2/2026,0,0,0
20260703,7/3/2026,0,0,1
20260704,7/4/2026,1,0,1
20260705,7/5/2026,0,0,0
20260706,7/6/2026,1,0,0
20260707,7/7/2026,0,0,0
20260708,7/8/2026,0,0,0
20260709,7/9/2026,0,0,0
20260710,7/10/2026,0,0,1
20260711,7/11/2026,0,0,1
20260712,7/12/2026,0,0,0
20260713,7/13/2026,0,0,0
20260714,7/14/2026,1,0,0
20260715,7/15/2026,0,0,0
20260716,7/16/2026,0,0,0
20260717,7/17/2026,1,0,1
20260718,7/18/2026,0,0,1
20260719,7/19/2026,0,0,0
20260720,7/20/2026,1,0,0
20260721,7/21/2026,0,0,0
20260722,7/22/2026,0,0,0
20260723,7/23/2026,1,0,0
20260724,7/24/2026,0,0,1
20260725,7/25/2026,1,0,1
20260726,7/26/2026,0,0,0
20260727,7/27/2026,0,0,0
20260728,7/28/2026,1,0,0
20260729,7/29/2026,0,0,0
20260730,7/30/2026,0,0,0
20260731,7/31/2026,0,0,1
20260801,8/1/2026,0,0,1
20260802,8/2/2026,0,0,0
20260803,8/3/2026,1,0,0
20260804,8/4/2026,0,0,0
20260805,8/5/2026,1,0,0
20260806,8/6/2026,0,0,0
20260807,8/7/2026,0,0,1
20260808,8/8/2026,0,0,1
20260809,8/9/2026,1,0,0
20260810,8/10/2026,0,0,0
20260811,8/11/2026,0,0,0
20260812,8/12/2026,1,0,0
20260813,8/13/2026,0,0,0
20260814,8/14/2026,1,0,1
20260815,8/15/2026,0,0,1
20260816,8/16/2026,0,0,0
20260817,8/17/2026,0,0,0
20260818,8/18/2026,1,0,0
20260819,8/19/2026,0,0,0
20260820,8/20/2026,0,0,0
20260821,8/21/2026,0,0,1
20260822,8/22/2026,0,0,1
20260823,8/23/2026,1,0,0
20260824,8/24/2026,0,0,0
20260825,8/25/2026,0,0,0
20260826,8/26/2026,1,0,0
20260827,8/27/2026,1,0,0
20260828,8/28/2026,0,0,1
20260829,8/29/2026,0,0,1
20260830,8/30/2026,1,0,0
20260831,8/31/2026,0,0,0
20260901,9/1/2026,0,0,0
20260902,9/2/2026,0,0,0
20260903,9/3/2026,0,0,0
20260904,9/4/2026,0,0,1
20260905,9/5/2026,1,0,1
20260906,9/6/2026,1,0,0
20260907,9/7/2026,0,0,0
20260908,9/8/2026,0,0,0
20260909,9/9/2026,0,0,0
20260910,9/10/2026,0,0,0
20260911,9/11/2026,1,0,1
20260912,9/12/2026,1,0,1
20260913,9/13/2026,1,0,0
20260914,9/14/2026,1,0,0
20260915,9/15/2026,0,0,0
20260916,9/16/2026,1,0,0
20260917,9/17/2026,0,0,0
20260918,9/18/2026,1,0,1
20260919,9/19/2026,0,0,1
20260920,9/20/2026,1,0,0
20260921,9/21/2026,0,0,0
20260922,9/22/2026,0,0,0
20260923,9/23/2026,0,0,0
20260924,9/24/2026,0,0,0
20260925,9/25/2026,0,0,1
20260926,9/26/2026,1,0,1
20260927,9/27/2026,0,0,0
20260928,9/28/2026,0,0,0
20260929,9/29/2026,0,0,0
20260930,9/30/2026,0,0,0
20261001,10/1/2026,1,0,0
20261002,10/2/2026,1,0,1
20261003,10/3/2026,1,0,1
20261004,10/4/2026,0,0,0
20261005,10/5/2026,0,0,0
20261006,10/6/2026,0,0,0
20261007,10/7/2026,0,0,0
20261008,10/8/2026,1,0,0
20261009,10/9/2026,0,0,1
20261010,10/10/2026,0,0,1
20261011,10/11/2026,1,0,0
20261012,10/12/2026,0,0,0
20261013,10/13/2026,0,0,0
20261014,10/14/2026,0,0,0
20261015,10/15/2026,0,0,0
20261016,10/16/2026,0,0,1
20261017,10/17/2026,0,0,1
20261018,10/18/2026,0,0,0
20261019,10/19/2026,1,0,0
20261020,10/20/2026,1,0,0
20261021,10/21/2026,0,0,0
20261022,10/22/2026,0,0,0
20261023,10/23/2026,0,0,1
20261024,10/24/2026,1,0,1
20261025,10/25/2026,1,0,0
20261026,10/26/2026,0,0,0
20261027,10/27/2026,0,0,0
20261028,10/28/2026,1,0,0
20261029,10/29/2026,0,0,0
20261030,10/30/2026,1,0,1
20261031,10/31/2026,0,0,1
20261101,11/1/2026,1,0,0
20261102,11/2/2026,0,0,0
20261103,11/3/2026,0,0,0
20261104,11/4/2026,1,0,0
20261105,11/5/2026,1,0,0
20261106,11/6/2026,0,0,1
20261107,11/7/2026,1,0,1
20261108,11/8/2026,0,0,0
20261109,11/9/2026,1,0,0
20261110,11/10/2026,1,0,0
20261111,11/11/2026,1,0,0
20261112,11/12/2026,0,0,0
20261113,11/13/2026,1,0,1
20261114,11/14/2026,0,0,1
20261115,11/15/2026,0,0,0
20261116,11/16/2026,0,0,0
20261117,11/17/2026,1,0,0
20261118,11/18/2026,1,0,0
20261119,11/19/2026,0,0,0
20261120,11/20/2026,0,0,1
20261121,11/21/2026,0,0,1
20261122,11/22/2026,0,0,0
20261123,11/23/2026,1,0,0
20261124,11/24/2026,0,0,0
20261125,11/25/2026,0,0,0
20261126,11/26/2026,0,0,0
20261127,11/27/2026,0,0,1
20261128,11/28/2026,1,0,1
20261129,11/29/2026,1,0,0
20261130,11/30/2026,0,0,0
20261201,12/1/2026,0,0,0
20261202,12/2/2026,1,0,0
20261203,12/3/2026,1,0,0
20261204,12/4/2026,1,0,1
20261205,12/5/2026,0,0,1
20261206,12/6/2026,0,0,0
20261207,12/7/2026,0,0,0
20261208,12/8/2026,0,0,0
20261209,12/9/2026,0,0,0
20261210,12/10/2026,1,0,0
20261211,12/11/2026,1,0,1
20261212,12/12/2026,0,0,1
20261213,12/13/2026,1,0,0
20261214,12/14/2026,1,0,0
20261215,12/15/2026,0,0,0
20261216,12/16/2026,0,0,0
20261217,12/17/2026,0,0,0
20261218,12/18/2026,0,0,1
20261219,12/19/2026,0,0,1
20261220,12/20/2026,0,0,0
20261221,12/21/2026,1,0,0
20261222,12/22/2026,0,0,0
20261223,12/23/2026,0,0,0
20261224,12/24/2026,0,0,0
20261225,12/25/2026,0,0,1
20261226,12/26/2026,0,0,1
20261227,12/27/2026,0,0,0
20261228,12/28/2026,1,0,0
20261229,12/29/2026,0,0,0
20261230,12/30/2026,1,0,0
20261231,12/31/2026,1,0,0
